N,pytorch,cuda
1000000,0.02624988555908203,0.031566619873046875
10000000,0.16987323760986328,0.1617908477783203
100000000,1.4090538024902344,1.399827003479004
1000000000,13.798069953918457,13.711357116699219
